{"cameraMode":{"drawMode":0,"name":"Shaded","section":"Shading Mode"},"sceneLighting":true,"audioPlay":false,"sceneViewState":{"showFog":true,"showMaterialUpdate":false,"showSkybox":true,"showFlares":true,"showImageEffects":true,"showParticleSystems":true},"in2DMode":false,"pivot":{"x":378.26214599609377,"y":212.5,"z":-0.1770782470703125},"rotation":{"x":-0.039040226489305499,"y":-0.11456085741519928,"z":0.004508966580033302,"w":-0.9926419258117676},"size":353.1466979980469,"orthographic":false}